{
  "A": {
    "precision": 1.0,
    "recall": 0.9473684210526315,
    "f1-score": 0.972972972972973,
    "support": 19.0
  },
  "E": {
    "precision": 0.9047619047619048,
    "recall": 1.0,
    "f1-score": 0.95,
    "support": 19.0
  },
  "I": {
    "precision": 1.0,
    "recall": 0.9473684210526315,
    "f1-score": 0.972972972972973,
    "support": 19.0
  },
  "O": {
    "precision": 1.0,
    "recall": 1.0,
    "f1-score": 1.0,
    "support": 19.0
  },
  "U": {
    "precision": 1.0,
    "recall": 1.0,
    "f1-score": 1.0,
    "support": 17.0
  },
  "accuracy": 0.978494623655914,
  "macro avg": {
    "precision": 0.980952380952381,
    "recall": 0.9789473684210526,
    "f1-score": 0.9791891891891892,
    "support": 93.0
  },
  "weighted avg": {
    "precision": 0.9805427547363031,
    "recall": 0.978494623655914,
    "f1-score": 0.9787416448706772,
    "support": 93.0
  }
}