{
  "A": {
    "precision": 1.0,
    "recall": 0.9473684210526315,
    "f1-score": 0.972972972972973,
    "support": 19.0
  },
  "E": {
    "precision": 0.95,
    "recall": 1.0,
    "f1-score": 0.9743589743589743,
    "support": 19.0
  },
  "I": {
    "precision": 1.0,
    "recall": 1.0,
    "f1-score": 1.0,
    "support": 19.0
  },
  "O": {
    "precision": 1.0,
    "recall": 1.0,
    "f1-score": 1.0,
    "support": 19.0
  },
  "U": {
    "precision": 1.0,
    "recall": 1.0,
    "f1-score": 1.0,
    "support": 17.0
  },
  "accuracy": 0.989247311827957,
  "macro avg": {
    "precision": 0.99,
    "recall": 0.9894736842105264,
    "f1-score": 0.9894663894663894,
    "support": 93.0
  },
  "weighted avg": {
    "precision": 0.9897849462365591,
    "recall": 0.989247311827957,
    "f1-score": 0.9892398602076021,
    "support": 93.0
  }
}